<?xml version="1.0" encoding="UTF-8" standalone="yes"?>
<addon id="repository.xbmcpinfan" name="XBMC-Pinfan Addons" version="1.0.0" provider-name="ABZ">
	<extension point="xbmc.addon.repository" name="XBMC Pinfan Addons">
		<info compressed="false">https://raw.githubusercontent.com/aobozhang/xbmc-pinfan/master/addons.xml</info>
		<checksum>https://raw.githubusercontent.com/aobozhang/xbmc-pinfan/master/addons.xml.md5</checksum>
		<datadir zip="true">https://raw.githubusercontent.com/aobozhang/xbmc-pinfan/master</datadir>
	</extension>
	<extension point="xbmc.addon.metadata">
		<summary>XBMC Private Addons for Pinfan</summary>
		<description>This repository contains addons that are for Personal use only.</description>
		<disclaimer>The owners and submitters to this repository do not host or distribute any of the content displayed by these addons nor do they have any affiliation with the content providers.</disclaimer>
		<platform>all</platform>
	</extension>
</addon>
